orderNumber,productCode,quantityOrdered,priceEach,buyPrice,Sales,total buy price,Profit,orderLineNumber
10100,S18_1749,30,136,86.7,4080,2601,1479,3
10110,S18_1749,42,153,86.7,6426,3641.4,2784.6,7
10107,S10_1678,30,81.35,48.81,2440.5,1464.3,976.2,2
10100,S18_2248,50,55.09,33.3,2754.5,1665,1089.5,2
10110,S18_2248,32,51.46,33.3,1646.72,1065.6,581.12,6
10103,S10_1949,26,214.3,98.58,5571.8,2563.08,3008.72,11
10100,S18_4409,22,75.46,43.26,1660.12,951.72,708.4,4
10110,S18_4409,28,81.91,43.26,2293.48,1211.28,1082.2,8
10107,S10_2016,39,105.86,68.99,4128.54,2690.61,1437.93,5
10100,S24_3969,49,35.29,21.75,1729.21,1065.75,663.46,1
10107,S10_4698,27,172.36,91.02,4653.72,2457.54,2196.18,4
10101,S18_2325,25,108.06,58.48,2701.5,1462,1239.5,4
10110,S18_2325,33,115.69,58.48,3817.77,1929.84,1887.93,4
10105,S10_4757,50,127.84,85.68,6392,4284,2108,2
10101,S18_2795,26,167.06,72.56,4343.56,1886.56,2457,1
10110,S18_2795,31,163.69,72.56,5074.39,2249.36,2825.03,1
10103,S10_4962,42,119.67,103.42,5026.14,4343.64,682.5,4
10101,S24_1937,45,32.53,22.57,1463.85,1015.65,448.2,3
10108,S12_1099,33,165.38,95.34,5457.54,3146.22,2311.32,6
10101,S24_2022,46,44.35,20.61,2040.1,948.06,1092.04,2
10105,S12_1108,41,205.72,95.59,8434.52,3919.19,4515.33,15
10102,S18_1342,39,95.55,60.62,3726.45,2364.18,1362.27,2
10103,S12_1666,27,121.64,77.9,3284.28,2103.3,1180.98,8
10102,S18_1367,41,43.13,24.26,1768.33,994.66,773.67,1
10107,S12_2823,21,122,66.27,2562,1391.67,1170.33,1
10104,S12_3148,34,131.44,89.14,4468.96,3030.76,1438.2,1
10108,S12_3380,45,96.3,75.16,4333.5,3382.2,951.3,4
10105,S12_3891,29,141.88,83.05,4114.52,2408.45,1706.07,14
10103,S18_1097,35,94.5,58.33,3307.5,2041.55,1265.95,10
10108,S12_3990,39,75.81,31.92,2956.59,1244.88,1711.71,7
10103,S18_2432,22,58.34,24.92,1283.48,548.24,735.24,2
10104,S12_4473,41,111.39,55.7,4566.99,2283.7,2283.29,9
10103,S18_2949,27,92.19,60.78,2489.13,1641.06,848.07,12
10108,S12_4675,36,107.1,58.73,3855.6,2114.28,1741.32,3
10103,S18_2957,35,61.84,34.35,2164.4,1202.25,962.15,14
10103,S18_3136,25,86.92,60.74,2173,1518.5,654.5,13
10109,S18_1129,26,117.48,83.51,3054.48,2171.26,883.22,4
10103,S18_3320,46,86.31,57.54,3970.26,2646.84,1323.42,16
10103,S18_4600,36,98.07,84.76,3530.52,3051.36,479.16,5
10103,S18_4668,41,40.75,23.14,1670.75,948.74,722.01,9
10110,S18_1589,37,118.22,65.96,4374.14,2440.52,1933.62,16
10103,S24_2300,36,107.34,61.34,3864.24,2208.24,1656,1
10106,S18_1662,36,134.04,77.27,4825.44,2781.72,2043.72,12
10103,S24_4258,25,88.62,57.46,2215.5,1436.5,779,15
10103,S32_1268,31,92.46,53.93,2866.26,1671.83,1194.43,3
10108,S18_1889,38,67.76,53.9,2574.88,2048.2,526.68,2
10103,S32_3522,45,63.35,33.61,2850.75,1512.45,1338.3,7
10109,S18_1984,38,137.98,93.89,5243.24,3567.82,1675.42,3
10103,S700_2824,42,94.07,46.53,3950.94,1954.26,1996.68,6
10104,S18_2238,24,135.9,101.51,3261.6,2436.24,825.36,8
10104,S18_2319,29,122.73,74.86,3559.17,2170.94,1388.23,12
10104,S18_3232,23,165.95,77.9,3816.85,1791.7,2025.15,13
10109,S18_3232,46,160.87,77.9,7400.02,3583.4,3816.62,5
10106,S18_2581,34,81.1,49,2757.4,1666,1091.4,2
10104,S18_4027,38,119.2,91.92,4529.6,3492.96,1036.64,3
10107,S18_2625,29,52.7,24.23,1528.3,702.67,825.63,6
10104,S24_1444,35,52.02,32.37,1820.7,1132.95,687.75,6
10104,S24_2840,44,30.41,15.91,1338.04,700.04,638,10
10109,S18_2870,26,126.72,56.76,3294.72,1475.76,1818.96,1
10104,S24_4048,26,106.45,69.78,2767.7,1814.28,953.42,5
10104,S32_2509,35,51.95,25.98,1818.25,909.3,908.95,11
10104,S32_3207,49,56.55,26.72,2770.95,1309.28,1461.67,4
10106,S18_3029,41,80.86,51.61,3315.26,2116.01,1199.25,18
10104,S50_1392,33,114.59,68.29,3781.47,2253.57,1527.9,7
10104,S50_1514,32,53.31,37.49,1705.92,1199.68,506.24,2
10105,S18_3140,22,136.59,68.3,3004.98,1502.6,1502.38,11
10105,S18_3259,38,87.73,67.56,3333.74,2567.28,766.46,13
10108,S18_3278,26,73.17,49.05,1902.42,1275.3,627.12,9
10105,S18_4522,41,75.48,52.66,3094.68,2159.06,935.62,10
10108,S18_3482,29,132.29,73.49,3836.41,2131.21,1705.2,8
10105,S24_2011,43,117.97,82.34,5072.71,3540.62,1532.09,9
10109,S18_3685,47,125.74,62.16,5909.78,2921.52,2988.26,2
10105,S24_3151,44,73.46,46.91,3232.24,2064.04,1168.2,4
10108,S18_3782,43,52.84,32.95,2272.12,1416.85,855.27,12
10105,S24_3816,50,75.47,48.64,3773.5,2432,1341.5,1
10106,S18_3856,41,94.22,64.58,3863.02,2647.78,1215.24,17
10105,S700_1138,41,54,34,2214,1394,820,5
10105,S700_1938,29,86.61,43.3,2511.69,1255.7,1255.99,12
10105,S700_2610,31,60.72,33.97,1882.32,1053.07,829.25,3
10105,S700_3505,39,92.16,51.09,3594.24,1992.51,1601.73,6
10105,S700_3962,22,99.31,53.63,2184.82,1179.86,1004.96,7
10105,S72_3212,25,44.77,33.3,1119.25,832.5,286.75,8
10108,S18_4721,44,139.87,69.93,6154.28,3076.92,3077.36,11
10110,S18_4933,42,62,34.21,2604,1436.82,1167.18,9
10110,S24_1046,36,72.02,49.24,2592.72,1772.64,820.08,13
10107,S24_1578,25,96.92,60.86,2423,1521.5,901.5,3
10106,S24_1785,28,107.23,66.74,3002.44,1868.72,1133.72,4
10110,S24_1628,29,43.27,29.18,1254.83,846.22,408.61,15
10106,S24_2841,49,65.77,34.25,3222.73,1678.25,1544.48,13
10106,S24_3420,31,55.89,26.3,1732.59,815.3,917.29,14
10106,S24_3949,50,55.96,29.34,2798,1467,1331,11
10107,S24_2000,38,73.12,37.32,2778.56,1418.16,1360.4,7
10106,S24_4278,26,71,36.23,1846,941.98,904.02,3
10106,S32_4289,33,65.35,33.02,2156.55,1089.66,1066.89,5
10106,S50_1341,39,35.78,27.06,1395.42,1055.34,340.08,6
10106,S700_1691,31,91.34,51.15,2831.54,1585.65,1245.89,7
10108,S24_2360,35,64.41,47.1,2254.35,1648.5,605.85,15
10106,S700_2047,30,85.09,39.83,2552.7,1194.9,1357.8,16
10106,S700_2466,34,99.72,68.8,3390.48,2339.2,1051.28,9
10106,S700_2834,32,113.9,59.33,3644.8,1898.56,1746.24,1
10106,S700_3167,44,76,54.4,3344,2393.6,950.4,8
10106,S700_4002,48,70.33,36.27,3375.84,1740.96,1634.88,10
10109,S24_2972,29,32.1,16.24,930.9,470.96,459.94,6
10106,S72_1253,48,43.7,32.77,2097.6,1572.96,524.64,15
10108,S24_3371,30,60.01,38.58,1800.3,1157.4,642.9,5
10108,S24_3856,40,132,98.3,5280,3932,1348,1
10107,S32_1374,20,88.9,66.92,1778,1338.4,439.6,8
10108,S24_4620,31,67.1,32.33,2080.1,1002.23,1077.87,10
10108,S32_2206,27,36.21,24.14,977.67,651.78,325.89,13
10108,S32_4485,31,87.76,56.13,2720.56,1740.03,980.53,16
10108,S50_4713,34,74.85,34.17,2544.9,1161.78,1383.12,14
10110,S24_1937,20,28.88,22.57,577.6,451.4,126.2,3
10110,S24_2022,39,40.77,20.61,1590.03,803.79,786.24,2
10110,S24_2766,43,82.69,47.25,3555.67,2031.75,1523.92,11
10110,S24_2887,46,112.74,72.82,5186.04,3349.72,1836.32,10
10110,S24_3191,27,80.47,50.51,2172.69,1363.77,808.92,12
10110,S24_3432,37,96.37,62.11,3565.69,2298.07,1267.62,14
10110,S24_3969,48,35.29,21.75,1693.92,1044,649.92,5
10111,S18_1342,33,87.33,60.62,2881.89,2000.46,881.43,6
10111,S18_1367,48,48.52,24.26,2328.96,1164.48,1164.48,5
10111,S18_2957,28,53.09,34.35,1486.52,961.8,524.72,2
10111,S18_3136,43,94.25,60.74,4052.75,2611.82,1440.93,1
10111,S18_3320,39,91.27,57.54,3559.53,2244.06,1315.47,4
10111,S24_4258,26,85.7,57.46,2228.2,1493.96,734.24,3
10112,S10_1949,29,197.16,98.58,5717.64,2858.82,2858.82,1
10112,S18_2949,23,85.1,60.78,1957.3,1397.94,559.36,2
10113,S12_1666,21,121.64,77.9,2554.44,1635.9,918.54,2
10113,S18_1097,49,101.5,58.33,4973.5,2858.17,2115.33,4
10113,S18_4668,50,43.27,23.14,2163.5,1157,1006.5,3
10113,S32_3522,23,58.82,33.61,1352.86,773.03,579.83,1
10114,S10_4962,31,128.53,103.42,3984.43,3206.02,778.41,8
10114,S18_2319,39,106.78,74.86,4164.42,2919.54,1244.88,3
10114,S18_2432,45,53.48,24.92,2406.6,1121.4,1285.2,6
10114,S18_3232,48,169.34,77.9,8128.32,3739.2,4389.12,4
10114,S18_4600,41,105.34,84.76,4318.94,3475.16,843.78,9
10114,S24_2300,21,102.23,61.34,2146.83,1288.14,858.69,5
10114,S24_2840,24,28.64,15.91,687.36,381.84,305.52,1
10114,S32_1268,32,88.61,53.93,2835.52,1725.76,1109.76,7
10114,S32_2509,28,43.83,25.98,1227.24,727.44,499.8,2
10114,S700_2824,42,82.94,46.53,3483.48,1954.26,1529.22,10
10115,S12_4473,46,111.39,55.7,5123.94,2562.2,2561.74,5
10115,S18_2238,46,140.81,101.51,6477.26,4669.46,1807.8,4
10115,S24_1444,47,56.64,32.37,2662.08,1521.39,1140.69,2
10115,S24_4048,44,106.45,69.78,4683.8,3070.32,1613.48,1
10115,S50_1392,27,100.7,68.29,2718.9,1843.83,875.07,3
10116,S32_3207,27,60.28,26.72,1627.56,721.44,906.12,1
10117,S12_1108,33,195.33,95.59,6445.89,3154.47,3291.42,9
10117,S12_3148,43,148.06,89.14,6366.58,3833.02,2533.56,10
10117,S12_3891,39,173.02,83.05,6747.78,3238.95,3508.83,8
10117,S18_3140,26,121.57,68.3,3160.82,1775.8,1385.02,5
10117,S18_3259,21,81.68,67.56,1715.28,1418.76,296.52,7
10117,S18_4027,22,122.08,91.92,2685.76,2022.24,663.52,12
10117,S18_4522,23,73.73,52.66,1695.79,1211.18,484.61,4
10117,S24_2011,41,119.2,82.34,4887.2,3375.94,1511.26,3
10117,S50_1514,21,55.65,37.49,1168.65,787.29,381.36,11
10117,S700_1938,38,75.35,43.3,2863.3,1645.4,1217.9,6
10117,S700_3962,45,89.38,53.63,4022.1,2413.35,1608.75,1
10117,S72_3212,50,52.42,33.3,2621,1665,956,2
10118,S700_3505,36,86.15,51.09,3101.4,1839.24,1262.16,1
10119,S10_4757,46,112.88,85.68,5192.48,3941.28,1251.2,11
10119,S18_1662,43,151.38,77.27,6509.34,3322.61,3186.73,3
10119,S18_3029,21,74.84,51.61,1571.64,1083.81,487.83,9
10119,S18_3856,27,95.28,64.58,2572.56,1743.66,828.9,8
10119,S24_2841,41,64.4,34.25,2640.4,1404.25,1236.15,4
10119,S24_3151,35,72.58,46.91,2540.3,1641.85,898.45,13
10119,S24_3420,20,63.12,26.3,1262.4,526,736.4,5
10119,S24_3816,35,82.18,48.64,2876.3,1702.4,1173.9,10
10119,S24_3949,28,62.1,29.34,1738.8,821.52,917.28,2
10119,S700_1138,25,57.34,34,1433.5,850,583.5,14
10119,S700_2047,29,74.23,39.83,2152.67,1155.07,997.6,7
10119,S700_2610,38,67.22,33.97,2554.36,1290.86,1263.5,12
10119,S700_4002,26,63.67,36.27,1655.42,943.02,712.4,1
10119,S72_1253,28,40.22,32.77,1126.16,917.56,208.6,6
10120,S10_2016,29,118.94,68.99,3449.26,2000.71,1448.55,3
10120,S10_4698,46,158.8,91.02,7304.8,4186.92,3117.88,2
10120,S18_2581,29,82.79,49,2400.91,1421,979.91,8
10120,S18_2625,46,57.54,24.23,2646.84,1114.58,1532.26,4
10120,S24_1578,35,110.45,60.86,3865.75,2130.1,1735.65,1
10120,S24_1785,39,93.01,66.74,3627.39,2602.86,1024.53,10
10120,S24_2000,34,72.36,37.32,2460.24,1268.88,1191.36,5
10120,S24_4278,29,71.73,36.23,2080.17,1050.67,1029.5,9
10120,S32_1374,22,94.9,66.92,2087.8,1472.24,615.56,6
10120,S32_4289,29,68.79,33.02,1994.91,957.58,1037.33,11
10120,S50_1341,49,41.46,27.06,2031.54,1325.94,705.6,12
10120,S700_1691,47,91.34,51.15,4292.98,2404.05,1888.93,13
10120,S700_2466,24,81.77,68.8,1962.48,1651.2,311.28,15
10120,S700_2834,24,106.79,59.33,2562.96,1423.92,1139.04,7
10120,S700_3167,43,72,54.4,3096,2339.2,756.8,14
10121,S10_1678,34,86.13,48.81,2928.42,1659.54,1268.88,5
10121,S12_2823,50,126.52,66.27,6326,3313.5,3012.5,4
10121,S24_2360,32,58.18,47.1,1861.76,1507.2,354.56,2
10121,S32_4485,25,95.93,56.13,2398.25,1403.25,995,3
10121,S50_4713,44,72.41,34.17,3186.04,1503.48,1682.56,1
10122,S12_1099,42,155.66,95.34,6537.72,4004.28,2533.44,10
10122,S12_3380,37,113.92,75.16,4215.04,2780.92,1434.12,8
10122,S12_3990,32,65.44,31.92,2094.08,1021.44,1072.64,11
10122,S12_4675,20,104.8,58.73,2096,1174.6,921.4,7
10122,S18_1129,34,114.65,83.51,3898.1,2839.34,1058.76,2
10122,S18_1889,43,62.37,53.9,2681.91,2317.7,364.21,6
10122,S18_1984,31,113.8,93.89,3527.8,2910.59,617.21,1
10122,S18_3232,25,137.17,77.9,3429.25,1947.5,1481.75,3
10122,S18_3278,21,69.15,49.05,1452.15,1030.05,422.1,13
10122,S18_3482,21,133.76,73.49,2808.96,1543.29,1265.67,12
10122,S18_3782,35,59.06,32.95,2067.1,1153.25,913.85,16
10122,S18_4721,28,145.82,69.93,4082.96,1958.04,2124.92,15
10122,S24_2972,39,34.74,16.24,1354.86,633.36,721.5,4
10122,S24_3371,34,50.82,38.58,1727.88,1311.72,416.16,9
10122,S24_3856,43,136.22,98.3,5857.46,4226.9,1630.56,5
10122,S24_4620,29,67.1,32.33,1945.9,937.57,1008.33,14
10122,S32_2206,31,33.79,24.14,1047.49,748.34,299.15,17
10123,S18_1589,26,120.71,65.96,3138.46,1714.96,1423.5,2
10123,S18_2870,46,114.84,56.76,5282.64,2610.96,2671.68,3
10123,S18_3685,34,117.26,62.16,3986.84,2113.44,1873.4,4
10123,S24_1628,50,43.27,29.18,2163.5,1459,704.5,1
10124,S18_1749,21,153,86.7,3213,1820.7,1392.3,6
10124,S18_2248,42,58.12,33.3,2441.04,1398.6,1042.44,5
10124,S18_2325,42,111.87,58.48,4698.54,2456.16,2242.38,3
10124,S18_4409,36,75.46,43.26,2716.56,1557.36,1159.2,7
10124,S18_4933,23,66.28,34.21,1524.44,786.83,737.61,8
10124,S24_1046,22,62.47,49.24,1374.34,1083.28,291.06,12
10124,S24_1937,45,30.53,22.57,1373.85,1015.65,358.2,2
10124,S24_2022,22,36.29,20.61,798.38,453.42,344.96,1
10124,S24_2766,32,74.51,47.25,2384.32,1512,872.32,10
10124,S24_2887,25,93.95,72.82,2348.75,1820.5,528.25,9
10124,S24_3191,49,76.19,50.51,3733.31,2474.99,1258.32,11
10124,S24_3432,43,101.73,62.11,4374.39,2670.73,1703.66,13
10124,S24_3969,46,36.11,21.75,1661.06,1000.5,660.56,4
10125,S18_1342,32,89.38,60.62,2860.16,1939.84,920.32,1
10125,S18_2795,34,138.38,72.56,4704.92,2467.04,2237.88,2
10126,S10_1949,38,205.73,98.58,7817.74,3746.04,4071.7,11
10126,S10_4962,22,122.62,103.42,2697.64,2275.24,422.4,4
10126,S12_1666,21,135.3,77.9,2841.3,1635.9,1205.4,8
10126,S18_1097,38,116.67,58.33,4433.46,2216.54,2216.92,10
10126,S18_1367,42,51.21,24.26,2150.82,1018.92,1131.9,17
10126,S18_2432,43,51.05,24.92,2195.15,1071.56,1123.59,2
10126,S18_2949,31,93.21,60.78,2889.51,1884.18,1005.33,12
10126,S18_2957,46,61.84,34.35,2844.64,1580.1,1264.54,14
10126,S18_3136,30,93.2,60.74,2796,1822.2,973.8,13
10126,S18_3320,38,94.25,57.54,3581.5,2186.52,1394.98,16
10126,S18_4600,50,102.92,84.76,5146,4238,908,5
10126,S18_4668,43,47.29,23.14,2033.47,995.02,1038.45,9
10126,S24_2300,27,122.68,61.34,3312.36,1656.18,1656.18,1
10126,S24_4258,34,83.76,57.46,2847.84,1953.64,894.2,15
10126,S32_1268,43,82.83,53.93,3561.69,2318.99,1242.7,3
10126,S32_3522,26,62.05,33.61,1613.3,873.86,739.44,7
10126,S700_2824,45,97.1,46.53,4369.5,2093.85,2275.65,6
10127,S12_1108,46,193.25,95.59,8889.5,4397.14,4492.36,2
10127,S12_3148,46,140.5,89.14,6463,4100.44,2362.56,3
10127,S12_3891,42,169.56,83.05,7121.52,3488.1,3633.42,1
10127,S12_4473,24,100.73,55.7,2417.52,1336.8,1080.72,11
10127,S18_2238,45,140.81,101.51,6336.45,4567.95,1768.5,10
10127,S18_2319,45,114.14,74.86,5136.3,3368.7,1767.6,14
10127,S18_3232,22,149.02,77.9,3278.44,1713.8,1564.64,15
10127,S18_4027,25,126.39,91.92,3159.75,2298,861.75,5
10127,S24_1444,20,50.86,32.37,1017.2,647.4,369.8,8
10127,S24_2840,39,34.3,15.91,1337.7,620.49,717.21,12
10127,S24_4048,20,107.63,69.78,2152.6,1395.6,757,7
10127,S32_2509,45,46.53,25.98,2093.85,1169.1,924.75,13
10127,S32_3207,29,60.9,26.72,1766.1,774.88,991.22,6
10127,S50_1392,46,111.12,68.29,5111.52,3141.34,1970.18,9
10127,S50_1514,46,55.65,37.49,2559.9,1724.54,835.36,4
10128,S18_3140,41,120.2,68.3,4928.2,2800.3,2127.9,2
10128,S18_3259,41,80.67,67.56,3307.47,2769.96,537.51,4
10128,S18_4522,43,77.24,52.66,3321.32,2264.38,1056.94,1
10128,S700_1938,32,72.75,43.3,2328,1385.6,942.4,3
10129,S10_4757,33,123.76,85.68,4084.08,2827.44,1256.64,2
10129,S24_2011,45,113.06,82.34,5087.7,3705.3,1382.4,9
10129,S24_3151,41,81.43,46.91,3338.63,1923.31,1415.32,4
10129,S24_3816,50,76.31,48.64,3815.5,2432,1383.5,1
10129,S700_1138,31,58.67,34,1818.77,1054,764.77,5
10129,S700_2610,45,72.28,33.97,3252.6,1528.65,1723.95,3
10129,S700_3505,42,90.15,51.09,3786.3,2145.78,1640.52,6
10129,S700_3962,30,94.34,53.63,2830.2,1608.9,1221.3,7
10129,S72_3212,32,44.23,33.3,1415.36,1065.6,349.76,8
10130,S18_3029,40,68.82,51.61,2752.8,2064.4,688.4,2
10130,S18_3856,33,99.52,64.58,3284.16,2131.14,1153.02,1
10131,S18_1662,21,141.92,77.27,2980.32,1622.67,1357.65,4
10131,S24_2841,35,60.97,34.25,2133.95,1198.75,935.2,5
10131,S24_3420,29,52.6,26.3,1525.4,762.7,762.7,6
10131,S24_3949,50,54.59,29.34,2729.5,1467,1262.5,3
10131,S700_2047,22,76.94,39.83,1692.68,876.26,816.42,8
10131,S700_2466,40,86.76,68.8,3470.4,2752,718.4,1
10131,S700_4002,26,63.67,36.27,1655.42,943.02,712.4,2
10131,S72_1253,21,40.22,32.77,844.62,688.17,156.45,7
10132,S700_3167,36,80,54.4,2880,1958.4,921.6,1
10133,S18_2581,49,80.26,49,3932.74,2401,1531.74,3
10133,S24_1785,41,109.42,66.74,4486.22,2736.34,1749.88,5
10133,S24_4278,46,61.58,36.23,2832.68,1666.58,1166.1,4
10133,S32_1374,23,80.91,66.92,1860.93,1539.16,321.77,1
10133,S32_4289,49,67.41,33.02,3303.09,1617.98,1685.11,6
10133,S50_1341,27,37.09,27.06,1001.43,730.62,270.81,7
10133,S700_1691,24,76.73,51.15,1841.52,1227.6,613.92,8
10133,S700_2834,27,115.09,59.33,3107.43,1601.91,1505.52,2
10134,S10_1678,41,90.92,48.81,3727.72,2001.21,1726.51,2
10134,S10_2016,27,116.56,68.99,3147.12,1862.73,1284.39,5
10134,S10_4698,31,187.85,91.02,5823.35,2821.62,3001.73,4
10134,S12_2823,20,131.04,66.27,2620.8,1325.4,1295.4,1
10134,S18_2625,30,51.48,24.23,1544.4,726.9,817.5,6
10134,S24_1578,35,94.67,60.86,3313.45,2130.1,1183.35,3
10134,S24_2000,43,75.41,37.32,3242.63,1604.76,1637.87,7
10135,S12_1099,42,173.17,95.34,7273.14,4004.28,3268.86,7
10135,S12_3380,48,110.39,75.16,5298.72,3607.68,1691.04,5
10135,S12_3990,24,72.62,31.92,1742.88,766.08,976.8,8
10135,S12_4675,29,103.64,58.73,3005.56,1703.17,1302.39,4
10135,S18_1889,48,66.99,53.9,3215.52,2587.2,628.32,3
10135,S18_3278,45,65.94,49.05,2967.3,2207.25,760.05,10
10135,S18_3482,42,139.64,73.49,5864.88,3086.58,2778.3,9
10135,S18_3782,45,49.74,32.95,2238.3,1482.75,755.55,13
10135,S18_4721,31,133.92,69.93,4151.52,2167.83,1983.69,12
10135,S24_2360,29,67.18,47.1,1948.22,1365.9,582.32,16
10135,S24_2972,20,34.36,16.24,687.2,324.8,362.4,1
10135,S24_3371,27,52.05,38.58,1405.35,1041.66,363.69,6
10135,S24_3856,47,139.03,98.3,6534.41,4620.1,1914.31,2
10135,S24_4620,23,76.8,32.33,1766.4,743.59,1022.81,11
10135,S32_2206,33,38.62,24.14,1274.46,796.62,477.84,14
10135,S32_4485,30,91.85,56.13,2755.5,1683.9,1071.6,17
10135,S50_4713,44,78.92,34.17,3472.48,1503.48,1969,15
10136,S18_1129,25,117.48,83.51,2937,2087.75,849.25,2
10136,S18_1984,36,120.91,93.89,4352.76,3380.04,972.72,1
10136,S18_3232,41,169.34,77.9,6942.94,3193.9,3749.04,3
10137,S18_1589,44,115.73,65.96,5092.12,2902.24,2189.88,2
10137,S18_2870,37,110.88,56.76,4102.56,2100.12,2002.44,3
10137,S18_3685,31,118.68,62.16,3679.08,1926.96,1752.12,4
10137,S24_1628,26,40.25,29.18,1046.5,758.68,287.82,1
10138,S18_1749,33,149.6,86.7,4936.8,2861.1,2075.7,6
10138,S18_2248,22,51.46,33.3,1132.12,732.6,399.52,5
10138,S18_2325,38,114.42,58.48,4347.96,2222.24,2125.72,3
10138,S18_4409,47,79.15,43.26,3720.05,2033.22,1686.83,7
10138,S18_4933,23,64.86,34.21,1491.78,786.83,704.95,8
10138,S24_1046,45,59.53,49.24,2678.85,2215.8,463.05,12
10138,S24_1937,22,33.19,22.57,730.18,496.54,233.64,2
10138,S24_2022,33,38.53,20.61,1271.49,680.13,591.36,1
10138,S24_2766,28,73.6,47.25,2060.8,1323,737.8,10
10138,S24_2887,30,96.3,72.82,2889,2184.6,704.4,9
10138,S24_3191,49,77.05,50.51,3775.45,2474.99,1300.46,11
10138,S24_3432,21,99.58,62.11,2091.18,1304.31,786.87,13
10138,S24_3969,29,32.82,21.75,951.78,630.75,321.03,4
10139,S18_1342,31,89.38,60.62,2770.78,1879.22,891.56,7
10139,S18_1367,49,52.83,24.26,2588.67,1188.74,1399.93,6
10139,S18_2795,41,151.88,72.56,6227.08,2974.96,3252.12,8
10139,S18_2949,46,91.18,60.78,4194.28,2795.88,1398.4,1
10139,S18_2957,20,52.47,34.35,1049.4,687,362.4,3
10139,S18_3136,20,101.58,60.74,2031.6,1214.8,816.8,2
10139,S18_3320,30,81.35,57.54,2440.5,1726.2,714.3,5
10139,S24_4258,29,93.49,57.46,2711.21,1666.34,1044.87,4
10140,S10_1949,37,186.44,98.58,6898.28,3647.46,3250.82,11
10140,S10_4962,26,131.49,103.42,3418.74,2688.92,729.82,4
10140,S12_1666,38,118.9,77.9,4518.2,2960.2,1558,8
10140,S18_1097,32,95.67,58.33,3061.44,1866.56,1194.88,10
10140,S18_2432,46,51.05,24.92,2348.3,1146.32,1201.98,2
10140,S18_4600,40,100.5,84.76,4020,3390.4,629.6,5
10140,S18_4668,29,40.25,23.14,1167.25,671.06,496.19,9
10140,S24_2300,47,118.84,61.34,5585.48,2882.98,2702.5,1
10140,S32_1268,26,87.64,53.93,2278.64,1402.18,876.46,3
10140,S32_3522,28,62.05,33.61,1737.4,941.08,796.32,7
10140,S700_2824,36,101.15,46.53,3641.4,1675.08,1966.32,6
10141,S12_4473,21,114.95,55.7,2413.95,1169.7,1244.25,5
10141,S18_2238,39,160.46,101.51,6257.94,3958.89,2299.05,4
10141,S18_2319,47,103.09,74.86,4845.23,3518.42,1326.81,8
10141,S18_3232,34,143.94,77.9,4893.96,2648.6,2245.36,9
10141,S24_1444,20,50.86,32.37,1017.2,647.4,369.8,2
10141,S24_2840,21,32.18,15.91,675.78,334.11,341.67,6
10141,S24_4048,40,104.09,69.78,4163.6,2791.2,1372.4,1
10141,S32_2509,24,53.03,25.98,1272.72,623.52,649.2,7
10141,S50_1392,44,94.92,68.29,4176.48,3004.76,1171.72,3
10142,S12_1108,33,166.24,95.59,5485.92,3154.47,2331.45,12
10142,S12_3148,33,140.5,89.14,4636.5,2941.62,1694.88,13
10142,S12_3891,46,167.83,83.05,7720.18,3820.3,3899.88,11
10142,S18_3140,47,129.76,68.3,6098.72,3210.1,2888.62,8
10142,S18_3259,22,95.8,67.56,2107.6,1486.32,621.28,10
10142,S18_4027,24,122.08,91.92,2929.92,2206.08,723.84,15
10142,S18_4522,24,79.87,52.66,1916.88,1263.84,653.04,7
10142,S24_2011,33,114.29,82.34,3771.57,2717.22,1054.35,6
10142,S24_3151,49,74.35,46.91,3643.15,2298.59,1344.56,1
10142,S32_3207,42,60.9,26.72,2557.8,1122.24,1435.56,16
10142,S50_1514,42,56.24,37.49,2362.08,1574.58,787.5,14
10142,S700_1138,41,55.34,34,2268.94,1394,874.94,2
10142,S700_1938,43,77.08,43.3,3314.44,1861.9,1452.54,9
10142,S700_3505,21,92.16,51.09,1935.36,1072.89,862.47,3
10142,S700_3962,38,91.37,53.63,3472.06,2037.94,1434.12,4
10142,S72_3212,39,46.96,33.3,1831.44,1298.7,532.74,5
10143,S10_4757,49,133.28,85.68,6530.72,4198.32,2332.4,15
10143,S18_1662,32,126.15,77.27,4036.8,2472.64,1564.16,7
10143,S18_3029,46,70.54,51.61,3244.84,2374.06,870.78,13
10143,S18_3856,34,99.52,64.58,3383.68,2195.72,1187.96,12
10143,S24_2841,27,63.71,34.25,1720.17,924.75,795.42,8
10143,S24_3420,33,59.83,26.3,1974.39,867.9,1106.49,9
10143,S24_3816,23,74.64,48.64,1716.72,1118.72,598,14
10143,S24_3949,28,55.96,29.34,1566.88,821.52,745.36,6
10143,S50_1341,34,34.91,27.06,1186.94,920.04,266.9,1
10143,S700_1691,36,86.77,51.15,3123.72,1841.4,1282.32,2
10143,S700_2047,26,87.8,39.83,2282.8,1035.58,1247.22,11
10143,S700_2466,26,79.78,68.8,2074.28,1788.8,285.48,4
10143,S700_2610,31,69.39,33.97,2151.09,1053.07,1098.02,16
10143,S700_3167,28,70.4,54.4,1971.2,1523.2,448,3
10143,S700_4002,34,65.15,36.27,2215.1,1233.18,981.92,5
10143,S72_1253,37,49.66,32.77,1837.42,1212.49,624.93,10
10144,S32_4289,20,56.41,33.02,1128.2,660.4,467.8,1
10145,S10_1678,45,76.56,48.81,3445.2,2196.45,1248.75,6
10145,S10_2016,37,104.67,68.99,3872.79,2552.63,1320.16,9
10145,S10_4698,33,154.93,91.02,5112.69,3003.66,2109.03,8
10145,S12_2823,49,146.1,66.27,7158.9,3247.23,3911.67,5
10145,S18_2581,30,71.81,49,2154.3,1470,684.3,14
10145,S18_2625,30,52.7,24.23,1581,726.9,854.1,10
10145,S24_1578,43,103.68,60.86,4458.24,2616.98,1841.26,7
10145,S24_1785,40,87.54,66.74,3501.6,2669.6,832,16
10145,S24_2000,47,63.98,37.32,3007.06,1754.04,1253.02,11
10145,S24_2360,27,56.1,47.1,1514.7,1271.7,243,3
10145,S24_4278,33,71.73,36.23,2367.09,1195.59,1171.5,15
10145,S32_1374,33,99.89,66.92,3296.37,2208.36,1088.01,12
10145,S32_2206,31,39.43,24.14,1222.33,748.34,473.99,1
10145,S32_4485,27,95.93,56.13,2590.11,1515.51,1074.6,4
10145,S50_4713,38,73.22,34.17,2782.36,1298.46,1483.9,2
10145,S700_2834,20,113.9,59.33,2278,1186.6,1091.4,13
10146,S18_3782,47,60.3,32.95,2834.1,1548.65,1285.45,2
10146,S18_4721,29,130.94,69.93,3797.26,2027.97,1769.29,1
10147,S12_1099,48,161.49,95.34,7751.52,4576.32,3175.2,7
10147,S12_3380,31,110.39,75.16,3422.09,2329.96,1092.13,5
10147,S12_3990,21,74.21,31.92,1558.41,670.32,888.09,8
10147,S12_4675,33,97.89,58.73,3230.37,1938.09,1292.28,4
10147,S18_1889,26,70.84,53.9,1841.84,1401.4,440.44,3
10147,S18_3278,36,74.78,49.05,2692.08,1765.8,926.28,10
10147,S18_3482,37,129.35,73.49,4785.95,2719.13,2066.82,9
10147,S24_2972,25,33.23,16.24,830.75,406,424.75,1
10147,S24_3371,30,48.98,38.58,1469.4,1157.4,312,6
10147,S24_3856,23,123.58,98.3,2842.34,2260.9,581.44,2
10147,S24_4620,31,72.76,32.33,2255.56,1002.23,1253.33,11
10148,S18_1129,23,114.65,83.51,2636.95,1920.73,716.22,13
10148,S18_1589,47,108.26,65.96,5088.22,3100.12,1988.1,9
10148,S18_1984,25,136.56,93.89,3414,2347.25,1066.75,12
10148,S18_2870,27,113.52,56.76,3065.04,1532.52,1532.52,10
10148,S18_3232,32,143.94,77.9,4606.08,2492.8,2113.28,14
10148,S18_3685,28,135.63,62.16,3797.64,1740.48,2057.16,11
10148,S18_4409,34,83.75,43.26,2847.5,1470.84,1376.66,1
10148,S18_4933,29,66.28,34.21,1922.12,992.09,930.03,2
10148,S24_1046,25,65.41,49.24,1635.25,1231,404.25,6
10148,S24_1628,47,46.29,29.18,2175.63,1371.46,804.17,8
10148,S24_2766,21,77.24,47.25,1622.04,992.25,629.79,4
10148,S24_2887,34,115.09,72.82,3913.06,2475.88,1437.18,3
10148,S24_3191,31,71.91,50.51,2229.21,1565.81,663.4,5
10148,S24_3432,27,96.37,62.11,2601.99,1676.97,925.02,7
10149,S18_1342,50,87.33,60.62,4366.5,3031,1335.5,4
10149,S18_1367,30,48.52,24.26,1455.6,727.8,727.8,3
10149,S18_1749,34,156.4,86.7,5317.6,2947.8,2369.8,11
10149,S18_2248,24,50.85,33.3,1220.4,799.2,421.2,10
10149,S18_2325,33,125.86,58.48,4153.38,1929.84,2223.54,8
10149,S18_2795,23,167.06,72.56,3842.38,1668.88,2173.5,5
10149,S18_3320,42,89.29,57.54,3750.18,2416.68,1333.5,2
10149,S24_1937,36,31.2,22.57,1123.2,812.52,310.68,7
10149,S24_2022,49,39.87,20.61,1953.63,1009.89,943.74,6
10149,S24_3969,26,38.57,21.75,1002.82,565.5,437.32,9
10149,S24_4258,20,90.57,57.46,1811.4,1149.2,662.2,1
10150,S10_1949,45,182.16,98.58,8197.2,4436.1,3761.1,8
10150,S10_4962,20,121.15,103.42,2423,2068.4,354.6,1
10150,S12_1666,30,135.3,77.9,4059,2337,1722,5
10150,S18_1097,34,95.67,58.33,3252.78,1983.22,1269.56,7
10150,S18_2949,47,93.21,60.78,4380.87,2856.66,1524.21,9
10150,S18_2957,30,56.21,34.35,1686.3,1030.5,655.8,11
10150,S18_3136,26,97.39,60.74,2532.14,1579.24,952.9,10
10150,S18_4600,49,111.39,84.76,5458.11,4153.24,1304.87,2
10150,S18_4668,30,47.29,23.14,1418.7,694.2,724.5,6
10150,S32_3522,49,62.05,33.61,3040.45,1646.89,1393.56,4
10150,S700_2824,20,95.08,46.53,1901.6,930.6,971,3
10151,S12_4473,24,114.95,55.7,2758.8,1336.8,1422,3
10151,S18_2238,43,152.27,101.51,6547.61,4364.93,2182.68,2
10151,S18_2319,49,106.78,74.86,5232.22,3668.14,1564.08,6
10151,S18_2432,39,58.34,24.92,2275.26,971.88,1303.38,9
10151,S18_3232,21,167.65,77.9,3520.65,1635.9,1884.75,7
10151,S24_2300,42,109.9,61.34,4615.8,2576.28,2039.52,8
10151,S24_2840,30,29.35,15.91,880.5,477.3,403.2,4
10151,S32_1268,27,84.75,53.93,2288.25,1456.11,832.14,10
10151,S32_2509,41,43.29,25.98,1774.89,1065.18,709.71,5
10151,S50_1392,26,108.81,68.29,2829.06,1775.54,1053.52,1
10152,S18_4027,35,117.77,91.92,4121.95,3217.2,904.75,1
10152,S24_1444,25,49.13,32.37,1228.25,809.25,419,4
10152,S24_4048,23,112.37,69.78,2584.51,1604.94,979.57,3
10152,S32_3207,33,57.17,26.72,1886.61,881.76,1004.85,2
10153,S12_1108,20,201.57,95.59,4031.4,1911.8,2119.6,11
10153,S12_3148,42,128.42,89.14,5393.64,3743.88,1649.76,12
10153,S12_3891,49,155.72,83.05,7630.28,4069.45,3560.83,10
10153,S18_3140,31,125.66,68.3,3895.46,2117.3,1778.16,7
10153,S18_3259,29,82.69,67.56,2398.01,1959.24,438.77,9
10153,S18_4522,22,82.5,52.66,1815,1158.52,656.48,6
10153,S24_2011,40,111.83,82.34,4473.2,3293.6,1179.6,5
10153,S50_1514,31,53.31,37.49,1652.61,1162.19,490.42,13
10153,S700_1138,43,58,34,2494,1462,1032,1
10153,S700_1938,31,80.55,43.3,2497.05,1342.3,1154.75,8
10153,S700_3505,50,87.15,51.09,4357.5,2554.5,1803,2
10153,S700_3962,20,85.41,53.63,1708.2,1072.6,635.6,3
10153,S72_3212,50,51.87,33.3,2593.5,1665,928.5,4
10154,S24_3151,31,75.23,46.91,2332.13,1454.21,877.92,2
10154,S700_2610,36,59.27,33.97,2133.72,1222.92,910.8,1
10155,S10_4757,32,129.2,85.68,4134.4,2741.76,1392.64,13
10155,S18_1662,38,138.77,77.27,5273.26,2936.26,2337,5
10155,S18_3029,44,83.44,51.61,3671.36,2270.84,1400.52,11
10155,S18_3856,29,105.87,64.58,3070.23,1872.82,1197.41,10
10155,S24_2841,23,62.34,34.25,1433.82,787.75,646.07,6
10155,S24_3420,34,56.55,26.3,1922.7,894.2,1028.5,7
10155,S24_3816,37,76.31,48.64,2823.47,1799.68,1023.79,12
10155,S24_3949,44,58.69,29.34,2582.36,1290.96,1291.4,4
10155,S700_2047,32,89.61,39.83,2867.52,1274.56,1592.96,9
10155,S700_2466,20,87.75,68.8,1755,1376,379,2
10155,S700_3167,43,76.8,54.4,3302.4,2339.2,963.2,1
10155,S700_4002,44,70.33,36.27,3094.52,1595.88,1498.64,3
10155,S72_1253,34,49.16,32.77,1671.44,1114.18,557.26,8
10156,S50_1341,20,43.64,27.06,872.8,541.2,331.6,1
10156,S700_1691,48,77.64,51.15,3726.72,2455.2,1271.52,2
10157,S18_2581,33,69.27,49,2285.91,1617,668.91,3
10157,S24_1785,40,89.72,66.74,3588.8,2669.6,919.2,5
10157,S24_4278,33,66.65,36.23,2199.45,1195.59,1003.86,4
10157,S32_1374,34,83.91,66.92,2852.94,2275.28,577.66,1
10157,S32_4289,28,56.41,33.02,1579.48,924.56,654.92,6
10157,S700_2834,48,109.16,59.33,5239.68,2847.84,2391.84,2
10158,S24_2000,22,67.79,37.32,1491.38,821.04,670.34,1
10159,S10_1678,49,81.35,48.81,3986.15,2391.69,1594.46,14
10159,S10_2016,37,101.1,68.99,3740.7,2552.63,1188.07,17
10159,S10_4698,22,170.42,91.02,3749.24,2002.44,1746.8,16
10159,S12_1099,41,188.73,95.34,7737.93,3908.94,3828.99,2
10159,S12_2823,38,131.04,66.27,4979.52,2518.26,2461.26,13
10159,S12_3990,24,67.03,31.92,1608.72,766.08,842.64,3
10159,S18_2625,42,51.48,24.23,2162.16,1017.66,1144.5,18
10159,S18_3278,21,66.74,49.05,1401.54,1030.05,371.49,5
10159,S18_3482,25,129.35,73.49,3233.75,1837.25,1396.5,4
10159,S18_3782,21,54.71,32.95,1148.91,691.95,456.96,8
10159,S18_4721,32,142.85,69.93,4571.2,2237.76,2333.44,7
10159,S24_1578,44,100.3,60.86,4413.2,2677.84,1735.36,15
10159,S24_2360,27,67.18,47.1,1813.86,1271.7,542.16,11
10159,S24_3371,50,49.6,38.58,2480,1929,551,1
10159,S24_4620,23,80.84,32.33,1859.32,743.59,1115.73,6
10159,S32_2206,35,39.43,24.14,1380.05,844.9,535.15,9
10159,S32_4485,23,86.74,56.13,1995.02,1290.99,704.03,12
10159,S50_4713,31,78.11,34.17,2421.41,1059.27,1362.14,10
10160,S12_3380,46,96.3,75.16,4429.8,3457.36,972.44,6
10160,S12_4675,50,93.28,58.73,4664,2936.5,1727.5,5
10160,S18_1889,38,70.84,53.9,2691.92,2048.2,643.72,4
10160,S18_3232,20,140.55,77.9,2811,1558,1253,1
10160,S24_2972,42,30.59,16.24,1284.78,682.08,602.7,2
10160,S24_3856,35,130.6,98.3,4571,3440.5,1130.5,3
10161,S18_1129,28,121.72,83.51,3408.16,2338.28,1069.88,12
10161,S18_1589,43,102.04,65.96,4387.72,2836.28,1551.44,8
10161,S18_1984,48,139.41,93.89,6691.68,4506.72,2184.96,11
10161,S18_2870,23,125.4,56.76,2884.2,1305.48,1578.72,9
10161,S18_3685,36,132.8,62.16,4780.8,2237.76,2543.04,10
10161,S18_4933,25,62.72,34.21,1568,855.25,712.75,1
10161,S24_1046,37,73.49,49.24,2719.13,1821.88,897.25,5
10161,S24_1628,23,47.29,29.18,1087.67,671.14,416.53,7
10161,S24_2766,20,82.69,47.25,1653.8,945,708.8,3
10161,S24_2887,25,108.04,72.82,2701,1820.5,880.5,2
10161,S24_3191,20,72.77,50.51,1455.4,1010.2,445.2,4
10161,S24_3432,30,94.23,62.11,2826.9,1863.3,963.6,6
10162,S18_1342,48,87.33,60.62,4191.84,2909.76,1282.08,2
10162,S18_1367,45,45.28,24.26,2037.6,1091.7,945.9,1
10162,S18_1749,29,141.1,86.7,4091.9,2514.3,1577.6,9
10162,S18_2248,27,53.28,33.3,1438.56,899.1,539.46,8
10162,S18_2325,38,113.15,58.48,4299.7,2222.24,2077.46,6
10162,S18_2795,48,156.94,72.56,7533.12,3482.88,4050.24,3
10162,S18_4409,39,86.51,43.26,3373.89,1687.14,1686.75,10
10162,S24_1937,37,27.55,22.57,1019.35,835.09,184.26,5
10162,S24_2022,43,38.98,20.61,1676.14,886.23,789.91,4
10162,S24_3969,37,32.82,21.75,1214.34,804.75,409.59,7
10163,S10_1949,21,212.16,98.58,4455.36,2070.18,2385.18,1
10163,S18_2949,31,101.31,60.78,3140.61,1884.18,1256.43,2
10163,S18_2957,48,59.96,34.35,2878.08,1648.8,1229.28,4
10163,S18_3136,40,101.58,60.74,4063.2,2429.6,1633.6,3
10163,S18_3320,43,80.36,57.54,3455.48,2474.22,981.26,6
10163,S24_4258,42,96.42,57.46,4049.64,2413.32,1636.32,5
10164,S10_4962,21,143.31,103.42,3009.51,2171.82,837.69,2
10164,S12_1666,49,121.64,77.9,5960.36,3817.1,2143.26,6
10164,S18_1097,36,103.84,58.33,3738.24,2099.88,1638.36,8
10164,S18_4600,45,107.76,84.76,4849.2,3814.2,1035,3
10164,S18_4668,25,46.29,23.14,1157.25,578.5,578.75,7
10164,S32_1268,24,91.49,53.93,2195.76,1294.32,901.44,1
10164,S32_3522,49,57.53,33.61,2818.97,1646.89,1172.08,5
10164,S700_2824,39,86.99,46.53,3392.61,1814.67,1577.94,4
10165,S12_1108,44,168.32,95.59,7406.08,4205.96,3200.12,3
10165,S12_3148,34,123.89,89.14,4212.26,3030.76,1181.5,4
10165,S12_3891,27,152.26,83.05,4111.02,2242.35,1868.67,2
10165,S12_4473,48,109.02,55.7,5232.96,2673.6,2559.36,12
10165,S18_2238,29,134.26,101.51,3893.54,2943.79,949.75,11
10165,S18_2319,46,120.28,74.86,5532.88,3443.56,2089.32,15
10165,S18_2432,31,60.77,24.92,1883.87,772.52,1111.35,18
10165,S18_3232,47,154.1,77.9,7242.7,3661.3,3581.4,16
10165,S18_3259,50,84.71,67.56,4235.5,3378,857.5,1
10165,S18_4027,28,123.51,91.92,3458.28,2573.76,884.52,6
10165,S24_1444,25,46.82,32.37,1170.5,809.25,361.25,9
10165,S24_2300,32,117.57,61.34,3762.24,1962.88,1799.36,17
10165,S24_2840,27,31.12,15.91,840.24,429.57,410.67,13
10165,S24_4048,24,106.45,69.78,2554.8,1674.72,880.08,8
10165,S32_2509,48,50.86,25.98,2441.28,1247.04,1194.24,14
10165,S32_3207,44,55.3,26.72,2433.2,1175.68,1257.52,7
10165,S50_1392,48,106.49,68.29,5111.52,3277.92,1833.6,10
10165,S50_1514,38,49.21,37.49,1869.98,1424.62,445.36,5
10166,S18_3140,43,136.59,68.3,5873.37,2936.9,2936.47,2
10166,S18_4522,26,72.85,52.66,1894.1,1369.16,524.94,1
10166,S700_1938,29,76.22,43.3,2210.38,1255.7,954.68,3
10167,S10_4757,44,123.76,85.68,5445.44,3769.92,1675.52,9
10167,S18_1662,43,141.92,77.27,6102.56,3322.61,2779.95,1
10167,S18_3029,46,69.68,51.61,3205.28,2374.06,831.22,7
10167,S18_3856,34,84.7,64.58,2879.8,2195.72,684.08,6
10167,S24_2011,33,110.6,82.34,3649.8,2717.22,932.58,16
10167,S24_2841,21,54.81,34.25,1151.01,719.25,431.76,2
10167,S24_3151,20,77,46.91,1540,938.2,601.8,11
10167,S24_3420,32,64.44,26.3,2062.08,841.6,1220.48,3
10167,S24_3816,29,73.8,48.64,2140.2,1410.56,729.64,8
10167,S700_1138,43,66,34,2838,1462,1376,12
10167,S700_2047,29,87.8,39.83,2546.2,1155.07,1391.13,5
10167,S700_2610,46,62.16,33.97,2859.36,1562.62,1296.74,10
10167,S700_3505,24,85.14,51.09,2043.36,1226.16,817.2,13
10167,S700_3962,28,83.42,53.63,2335.76,1501.64,834.12,14
10167,S72_1253,40,42.71,32.77,1708.4,1310.8,397.6,4
10167,S72_3212,38,43.68,33.3,1659.84,1265.4,394.44,15
10168,S10_1678,36,94.74,48.81,3410.64,1757.16,1653.48,1
10168,S10_2016,27,97.53,68.99,2633.31,1862.73,770.58,4
10168,S10_4698,20,160.74,91.02,3214.8,1820.4,1394.4,3
10168,S18_2581,21,75.19,49,1578.99,1029,549.99,9
10168,S18_2625,46,49.06,24.23,2256.76,1114.58,1142.18,5
10168,S24_1578,50,103.68,60.86,5184,3043,2141,2
10168,S24_1785,49,93.01,66.74,4557.49,3270.26,1287.23,11
10168,S24_2000,29,72.36,37.32,2098.44,1082.28,1016.16,6
10168,S24_3949,27,57.32,29.34,1547.64,792.18,755.46,18
10168,S24_4278,48,68.1,36.23,3268.8,1739.04,1529.76,10
10168,S32_1374,28,89.9,66.92,2517.2,1873.76,643.44,7
10168,S32_4289,31,57.78,33.02,1791.18,1023.62,767.56,12
10168,S50_1341,48,39.71,27.06,1906.08,1298.88,607.2,13
10168,S700_1691,28,91.34,51.15,2557.52,1432.2,1125.32,14
10168,S700_2466,31,87.75,68.8,2720.25,2132.8,587.45,16
10168,S700_2834,36,94.92,59.33,3417.12,2135.88,1281.24,8
10168,S700_3167,48,72,54.4,3456,2611.2,844.8,15
10168,S700_4002,39,67.37,36.27,2627.43,1414.53,1212.9,17
10169,S12_1099,30,163.44,95.34,4903.2,2860.2,2043,2
10169,S12_2823,35,126.52,66.27,4428.2,2319.45,2108.75,13
10169,S12_3990,36,71.82,31.92,2585.52,1149.12,1436.4,3
10169,S18_3278,32,65.13,49.05,2084.16,1569.6,514.56,5
10169,S18_3482,36,136.7,73.49,4921.2,2645.64,2275.56,4
10169,S18_3782,38,52.84,32.95,2007.92,1252.1,755.82,8
10169,S18_4721,33,120.53,69.93,3977.49,2307.69,1669.8,7
10169,S24_2360,38,66.49,47.1,2526.62,1789.8,736.82,11
10169,S24_3371,34,53.27,38.58,1811.18,1311.72,499.46,1
10169,S24_4620,24,77.61,32.33,1862.64,775.92,1086.72,6
10169,S32_2206,26,37.01,24.14,962.26,627.64,334.62,9
10169,S32_4485,34,83.68,56.13,2845.12,1908.42,936.7,12
10169,S50_4713,48,75.66,34.17,3631.68,1640.16,1991.52,10
10170,S12_3380,47,116.27,75.16,5464.69,3532.52,1932.17,4
10170,S12_4675,41,93.28,58.73,3824.48,2407.93,1416.55,3
10170,S18_1889,20,70.07,53.9,1401.4,1078,323.4,2
10170,S24_3856,34,130.6,98.3,4440.4,3342.2,1098.2,1
10171,S18_1129,35,134.46,83.51,4706.1,2922.85,1783.25,2
10171,S18_1984,35,128.03,93.89,4481.05,3286.15,1194.9,1
10171,S18_3232,39,165.95,77.9,6472.05,3038.1,3433.95,3
10171,S24_2972,36,34.74,16.24,1250.64,584.64,666,4
10172,S18_1589,42,109.51,65.96,4599.42,2770.32,1829.1,6
10172,S18_2870,39,117.48,56.76,4581.72,2213.64,2368.08,7
10172,S18_3685,48,139.87,62.16,6713.76,2983.68,3730.08,8
10172,S24_1046,32,61,49.24,1952,1575.68,376.32,3
10172,S24_1628,34,43.27,29.18,1471.18,992.12,479.06,5
10172,S24_2766,22,79.97,47.25,1759.34,1039.5,719.84,1
10172,S24_3191,24,77.91,50.51,1869.84,1212.24,657.6,2
10172,S24_3432,22,87.81,62.11,1931.82,1366.42,565.4,4
10173,S18_1342,43,101.71,60.62,4373.53,2606.66,1766.87,6
10173,S18_1367,48,51.75,24.26,2484,1164.48,1319.52,5
10173,S18_1749,24,168.3,86.7,4039.2,2080.8,1958.4,13
10173,S18_2248,26,55.09,33.3,1432.34,865.8,566.54,12
10173,S18_2325,31,127.13,58.48,3941.03,1812.88,2128.15,10
10173,S18_2795,22,140.06,72.56,3081.32,1596.32,1485,7
10173,S18_2957,28,56.84,34.35,1591.52,961.8,629.72,2
10173,S18_3136,31,86.92,60.74,2694.52,1882.94,811.58,1
10173,S18_3320,29,90.28,57.54,2618.12,1668.66,949.46,4
10173,S18_4409,21,77.31,43.26,1623.51,908.46,715.05,14
10173,S18_4933,39,58.44,34.21,2279.16,1334.19,944.97,15
10173,S24_1937,31,29.87,22.57,925.97,699.67,226.3,9
10173,S24_2022,27,39.42,20.61,1064.34,556.47,507.87,8
10173,S24_2887,23,98.65,72.82,2268.95,1674.86,594.09,16
10173,S24_3969,35,35.7,21.75,1249.5,761.25,488.25,11
10173,S24_4258,22,93.49,57.46,2056.78,1264.12,792.66,3
10174,S10_1949,34,207.87,98.58,7067.58,3351.72,3715.86,4
10174,S12_1666,43,113.44,77.9,4877.92,3349.7,1528.22,1
10174,S18_1097,48,108.5,58.33,5208,2799.84,2408.16,3
10174,S18_2949,46,100.3,60.78,4613.8,2795.88,1817.92,5
10174,S18_4668,49,44.27,23.14,2169.23,1133.86,1035.37,2
10175,S10_4962,33,119.67,103.42,3949.11,3412.86,536.25,9
10175,S12_4473,26,109.02,55.7,2834.52,1448.2,1386.32,1
10175,S18_2319,48,101.87,74.86,4889.76,3593.28,1296.48,4
10175,S18_2432,41,59.55,24.92,2441.55,1021.72,1419.83,7
10175,S18_3232,29,150.71,77.9,4370.59,2259.1,2111.49,5
10175,S18_4600,47,102.92,84.76,4837.24,3983.72,853.52,10
10175,S24_2300,28,121.4,61.34,3399.2,1717.52,1681.68,6
10175,S24_2840,37,32.18,15.91,1190.66,588.67,601.99,2
10175,S32_1268,22,89.57,53.93,1970.54,1186.46,784.08,8
10175,S32_2509,50,50.86,25.98,2543,1299,1244,3
10175,S32_3522,29,56.24,33.61,1630.96,974.69,656.27,12
10175,S700_2824,42,80.92,46.53,3398.64,1954.26,1444.38,11
10176,S12_1108,33,166.24,95.59,5485.92,3154.47,2331.45,2
10176,S12_3148,47,145.04,89.14,6816.88,4189.58,2627.3,3
10176,S12_3891,50,160.91,83.05,8045.5,4152.5,3893,1
10176,S18_2238,20,139.17,101.51,2783.4,2030.2,753.2,10
10176,S18_4027,36,140.75,91.92,5067,3309.12,1757.88,5
10176,S24_1444,27,55.49,32.37,1498.23,873.99,624.24,8
10176,S24_4048,29,101.72,69.78,2949.88,2023.62,926.26,7
10176,S32_3207,22,62.14,26.72,1367.08,587.84,779.24,6
10176,S50_1392,23,109.96,68.29,2529.08,1570.67,958.41,9
10176,S50_1514,38,52.14,37.49,1981.32,1424.62,556.7,4
10177,S18_3140,23,113.37,68.3,2607.51,1570.9,1036.61,9
10177,S18_3259,29,92.77,67.56,2690.33,1959.24,731.09,11
10177,S18_4522,35,82.5,52.66,2887.5,1843.1,1044.4,8
10177,S24_2011,50,115.52,82.34,5776,4117,1659,7
10177,S24_3151,45,79.66,46.91,3584.7,2110.95,1473.75,2
10177,S700_1138,24,58.67,34,1408.08,816,592.08,3
10177,S700_1938,31,77.95,43.3,2416.45,1342.3,1074.15,10
10177,S700_2610,32,64.33,33.97,2058.56,1087.04,971.52,1
10177,S700_3505,44,88.15,51.09,3878.6,2247.96,1630.64,4
10177,S700_3962,24,83.42,53.63,2002.08,1287.12,714.96,5
10177,S72_3212,40,52.96,33.3,2118.4,1332,786.4,6
10178,S10_4757,24,131.92,85.68,3166.08,2056.32,1109.76,12
10178,S18_1662,42,127.73,77.27,5364.66,3245.34,2119.32,4
10178,S18_3029,41,70.54,51.61,2892.14,2116.01,776.13,10
10178,S18_3856,48,104.81,64.58,5030.88,3099.84,1931.04,9
10178,S24_2841,34,67.82,34.25,2305.88,1164.5,1141.38,5
10178,S24_3420,27,65.75,26.3,1775.25,710.1,1065.15,6
10178,S24_3816,21,68.77,48.64,1444.17,1021.44,422.73,11
10178,S24_3949,30,64.15,29.34,1924.5,880.2,1044.3,3
10178,S700_2047,34,86.9,39.83,2954.6,1354.22,1600.38,8
10178,S700_2466,22,91.74,68.8,2018.28,1513.6,504.68,1
10178,S700_4002,45,68.11,36.27,3064.95,1632.15,1432.8,2
10178,S72_1253,45,41.71,32.77,1876.95,1474.65,402.3,7
10179,S18_2581,24,82.79,49,1986.96,1176,810.96,3
10179,S24_1785,47,105.04,66.74,4936.88,3136.78,1800.1,5
10179,S24_4278,27,66.65,36.23,1799.55,978.21,821.34,4
10179,S32_1374,45,86.9,66.92,3910.5,3011.4,899.1,1
10179,S32_4289,24,63.97,33.02,1535.28,792.48,742.8,6
10179,S50_1341,34,43.2,27.06,1468.8,920.04,548.76,7
10179,S700_1691,23,75.81,51.15,1743.63,1176.45,567.18,8
10179,S700_2834,25,98.48,59.33,2462,1483.25,978.75,2
10179,S700_3167,39,80,54.4,3120,2121.6,998.4,9
10180,S10_1678,29,76.56,48.81,2220.24,1415.49,804.75,9
10180,S10_2016,42,99.91,68.99,4196.22,2897.58,1298.64,12
10180,S10_4698,41,164.61,91.02,6749.01,3731.82,3017.19,11
10180,S12_2823,40,131.04,66.27,5241.6,2650.8,2590.8,8
10180,S18_2625,25,48.46,24.23,1211.5,605.75,605.75,13
10180,S18_3782,21,59.06,32.95,1240.26,691.95,548.31,3
10180,S18_4721,44,147.31,69.93,6481.64,3076.92,3404.72,2
10180,S24_1578,48,98.05,60.86,4706.4,2921.28,1785.12,10
10180,S24_2000,28,61.7,37.32,1727.6,1044.96,682.64,14
10180,S24_2360,35,60.95,47.1,2133.25,1648.5,484.75,6
10180,S24_4620,28,68.71,32.33,1923.88,905.24,1018.64,1
10180,S32_2206,34,33.39,24.14,1135.26,820.76,314.5,4
10180,S32_4485,22,102.05,56.13,2245.1,1234.86,1010.24,7
10180,S50_4713,21,74.85,34.17,1571.85,717.57,854.28,5
10181,S12_1099,27,155.66,95.34,4202.82,2574.18,1628.64,14
10181,S12_3380,28,113.92,75.16,3189.76,2104.48,1085.28,12
10181,S12_3990,20,67.03,31.92,1340.6,638.4,702.2,15
10181,S12_4675,36,107.1,58.73,3855.6,2114.28,1741.32,11
10181,S18_1129,44,124.56,83.51,5480.64,3674.44,1806.2,6
10181,S18_1589,42,124.44,65.96,5226.48,2770.32,2456.16,2
10181,S18_1889,22,74.69,53.9,1643.18,1185.8,457.38,10
10181,S18_1984,21,129.45,93.89,2718.45,1971.69,746.76,5
10181,S18_2870,27,130.68,56.76,3528.36,1532.52,1995.84,3
10181,S18_3232,45,147.33,77.9,6629.85,3505.5,3124.35,7
10181,S18_3278,30,73.17,49.05,2195.1,1471.5,723.6,17
10181,S18_3482,22,120.53,73.49,2651.66,1616.78,1034.88,16
10181,S18_3685,39,137.04,62.16,5344.56,2424.24,2920.32,4
10181,S24_1628,34,45.28,29.18,1539.52,992.12,547.4,1
10181,S24_2972,37,32.85,16.24,1215.45,600.88,614.57,8
10181,S24_3371,23,54.49,38.58,1253.27,887.34,365.93,13
10181,S24_3856,25,122.17,98.3,3054.25,2457.5,596.75,9
10182,S18_1342,25,83.22,60.62,2080.5,1515.5,565,3
10182,S18_1367,32,44.21,24.26,1414.72,776.32,638.4,2
10182,S18_1749,44,159.8,86.7,7031.2,3814.8,3216.4,10
10182,S18_2248,38,54.49,33.3,2070.62,1265.4,805.22,9
10182,S18_2325,20,105.52,58.48,2110.4,1169.6,940.8,7
10182,S18_2795,21,135,72.56,2835,1523.76,1311.24,4
10182,S18_3320,33,86.31,57.54,2848.23,1898.82,949.41,1
10182,S18_4409,36,88.35,43.26,3180.6,1557.36,1623.24,11
10182,S18_4933,44,61.29,34.21,2696.76,1505.24,1191.52,12
10182,S24_1046,47,63.2,49.24,2970.4,2314.28,656.12,16
10182,S24_1937,39,31.86,22.57,1242.54,880.23,362.31,6
10182,S24_2022,31,39.87,20.61,1235.97,638.91,597.06,5
10182,S24_2766,36,87.24,47.25,3140.64,1701,1439.64,14
10182,S24_2887,20,116.27,72.82,2325.4,1456.4,869,13
10182,S24_3191,33,73.62,50.51,2429.46,1666.83,762.63,15
10182,S24_3432,49,95.3,62.11,4669.7,3043.39,1626.31,17
10182,S24_3969,23,34.88,21.75,802.24,500.25,301.99,8
10183,S10_1949,23,180.01,98.58,4140.23,2267.34,1872.89,8
10183,S10_4962,28,127.06,103.42,3557.68,2895.76,661.92,1
10183,S12_1666,41,114.8,77.9,4706.8,3193.9,1512.9,5
10183,S18_1097,21,108.5,58.33,2278.5,1224.93,1053.57,7
10183,S18_2949,37,91.18,60.78,3373.66,2248.86,1124.8,9
10183,S18_2957,39,51.22,34.35,1997.58,1339.65,657.93,11
10183,S18_3136,22,90.06,60.74,1981.32,1336.28,645.04,10
10183,S18_4600,21,118.66,84.76,2491.86,1779.96,711.9,2
10183,S18_4668,40,42.26,23.14,1690.4,925.6,764.8,6
10183,S24_4258,47,81.81,57.46,3845.07,2700.62,1144.45,12
10183,S32_3522,49,52.36,33.61,2565.64,1646.89,918.75,4
10183,S700_2824,23,85.98,46.53,1977.54,1070.19,907.35,3
10184,S12_4473,37,105.47,55.7,3902.39,2060.9,1841.49,6
10184,S18_2238,46,145.72,101.51,6703.12,4669.46,2033.66,5
10184,S18_2319,46,119.05,74.86,5476.3,3443.56,2032.74,9
10184,S18_2432,44,60.77,24.92,2673.88,1096.48,1577.4,12
10184,S18_3232,28,165.95,77.9,4646.6,2181.2,2465.4,10
10184,S24_1444,31,57.22,32.37,1773.82,1003.47,770.35,3
10184,S24_2300,24,117.57,61.34,2821.68,1472.16,1349.52,11
10184,S24_2840,42,30.06,15.91,1262.52,668.22,594.3,7
10184,S24_4048,49,114.73,69.78,5621.77,3419.22,2202.55,2
10184,S32_1268,46,84.75,53.93,3898.5,2480.78,1417.72,13
10184,S32_2509,33,52.49,25.98,1732.17,857.34,874.83,8
10184,S32_3207,48,59.03,26.72,2833.44,1282.56,1550.88,1
10184,S50_1392,45,92.6,68.29,4167,3073.05,1093.95,4
10185,S12_1108,21,195.33,95.59,4101.93,2007.39,2094.54,13
10185,S12_3148,33,146.55,89.14,4836.15,2941.62,1894.53,14
10185,S12_3891,43,147.07,83.05,6324.01,3571.15,2752.86,12
10185,S18_3140,28,124.3,68.3,3480.4,1912.4,1568,9
10185,S18_3259,49,94.79,67.56,4644.71,3310.44,1334.27,11
10185,S18_4027,39,127.82,91.92,4984.98,3584.88,1400.1,16
10185,S18_4522,47,87.77,52.66,4125.19,2475.02,1650.17,8
10185,S24_2011,30,105.69,82.34,3170.7,2470.2,700.5,7
10185,S24_3151,33,83.2,46.91,2745.6,1548.03,1197.57,2
10185,S50_1514,20,46.86,37.49,937.2,749.8,187.4,15
10185,S700_1138,21,64.67,34,1358.07,714,644.07,3
10185,S700_1938,30,79.68,43.3,2390.4,1299,1091.4,10
10185,S700_2610,39,61.44,33.97,2396.16,1324.83,1071.33,1
10185,S700_3505,37,99.17,51.09,3669.29,1890.33,1778.96,4
10185,S700_3962,22,93.35,53.63,2053.7,1179.86,873.84,5
10185,S72_3212,28,47.5,33.3,1330,932.4,397.6,6
10186,S10_4757,26,108.8,85.68,2828.8,2227.68,601.12,9
10186,S18_1662,32,137.19,77.27,4390.08,2472.64,1917.44,1
10186,S18_3029,32,73.12,51.61,2339.84,1651.52,688.32,7
10186,S18_3856,46,98.46,64.58,4529.16,2970.68,1558.48,6
10186,S24_2841,22,60.29,34.25,1326.38,753.5,572.88,2
10186,S24_3420,21,59.83,26.3,1256.43,552.3,704.13,3
10186,S24_3816,36,68.77,48.64,2475.72,1751.04,724.68,8
10186,S700_2047,24,80.56,39.83,1933.44,955.92,977.52,5
10186,S72_1253,28,42.71,32.77,1195.88,917.56,278.32,4
10187,S18_2581,45,70.12,49,3155.4,2205,950.4,1
10187,S24_1785,46,96.29,66.74,4429.34,3070.04,1359.3,3
10187,S24_3949,43,55.96,29.34,2406.28,1261.62,1144.66,10
10187,S24_4278,33,64.48,36.23,2127.84,1195.59,932.25,2
10187,S32_4289,31,61.22,33.02,1897.82,1023.62,874.2,4
10187,S50_1341,41,39.71,27.06,1628.11,1109.46,518.65,5
10187,S700_1691,34,84.95,51.15,2888.3,1739.1,1149.2,6
10187,S700_2466,44,95.73,68.8,4212.12,3027.2,1184.92,8
10187,S700_3167,34,72,54.4,2448,1849.6,598.4,7
10187,S700_4002,44,70.33,36.27,3094.52,1595.88,1498.64,9
10188,S10_1678,48,95.7,48.81,4593.6,2342.88,2250.72,1
10188,S10_2016,38,111.8,68.99,4248.4,2621.62,1626.78,4
10188,S10_4698,45,182.04,91.02,8191.8,4095.9,4095.9,3
10188,S18_2625,32,52.09,24.23,1666.88,775.36,891.52,5
10188,S24_1578,25,95.8,60.86,2395,1521.5,873.5,2
10188,S24_2000,40,61.7,37.32,2468,1492.8,975.2,6
10188,S32_1374,44,81.91,66.92,3604.04,2944.48,659.56,7
10188,S700_2834,29,96.11,59.33,2787.19,1720.57,1066.62,8
10189,S12_2823,28,138.57,66.27,3879.96,1855.56,2024.4,1
10190,S24_2360,42,58.87,47.1,2472.54,1978.2,494.34,3
10190,S32_2206,46,38.62,24.14,1776.52,1110.44,666.08,1
10190,S32_4485,42,89.8,56.13,3771.6,2357.46,1414.14,4
10190,S50_4713,40,67.53,34.17,2701.2,1366.8,1334.4,2
10191,S12_1099,21,155.66,95.34,3268.86,2002.14,1266.72,3
10191,S12_3380,40,104.52,75.16,4180.8,3006.4,1174.4,1
10191,S12_3990,30,70.22,31.92,2106.6,957.6,1149,4
10191,S18_3278,36,75.59,49.05,2721.24,1765.8,955.44,6
10191,S18_3482,23,119.06,73.49,2738.38,1690.27,1048.11,5
10191,S18_3782,43,60.93,32.95,2619.99,1416.85,1203.14,9
10191,S18_4721,32,136.9,69.93,4380.8,2237.76,2143.04,8
10191,S24_3371,48,53.27,38.58,2556.96,1851.84,705.12,2
10191,S24_4620,44,77.61,32.33,3414.84,1422.52,1992.32,7
10192,S12_4675,27,99.04,58.73,2674.08,1585.71,1088.37,16
10192,S18_1129,22,140.12,83.51,3082.64,1837.22,1245.42,11
10192,S18_1589,29,100.8,65.96,2923.2,1912.84,1010.36,7
10192,S18_1889,45,70.84,53.9,3187.8,2425.5,762.3,15
10192,S18_1984,47,128.03,93.89,6017.41,4412.83,1604.58,10
10192,S18_2870,38,110.88,56.76,4213.44,2156.88,2056.56,8
10192,S18_3232,26,137.17,77.9,3566.42,2025.4,1541.02,12
10192,S18_3685,45,125.74,62.16,5658.3,2797.2,2861.1,9
10192,S24_1046,37,72.02,49.24,2664.74,1821.88,842.86,4
10192,S24_1628,47,49.3,29.18,2317.1,1371.46,945.64,6
10192,S24_2766,46,86.33,47.25,3971.18,2173.5,1797.68,2
10192,S24_2887,23,112.74,72.82,2593.02,1674.86,918.16,1
10192,S24_2972,30,33.23,16.24,996.9,487.2,509.7,13
10192,S24_3191,32,69.34,50.51,2218.88,1616.32,602.56,3
10192,S24_3432,46,93.16,62.11,4285.36,2857.06,1428.3,5
10192,S24_3856,45,112.34,98.3,5055.3,4423.5,631.8,14
10193,S18_1342,28,92.47,60.62,2589.16,1697.36,891.8,7
10193,S18_1367,46,46.36,24.26,2132.56,1115.96,1016.6,6
10193,S18_1749,21,153,86.7,3213,1820.7,1392.3,14
10193,S18_2248,42,60.54,33.3,2542.68,1398.6,1144.08,13
10193,S18_2325,44,115.69,58.48,5090.36,2573.12,2517.24,11
10193,S18_2795,22,143.44,72.56,3155.68,1596.32,1559.36,8
10193,S18_2949,28,87.13,60.78,2439.64,1701.84,737.8,1
10193,S18_2957,24,53.09,34.35,1274.16,824.4,449.76,3
10193,S18_3136,23,97.39,60.74,2239.97,1397.02,842.95,2
10193,S18_3320,32,79.37,57.54,2539.84,1841.28,698.56,5
10193,S18_4409,24,92.03,43.26,2208.72,1038.24,1170.48,15
10193,S18_4933,25,66.28,34.21,1657,855.25,801.75,16
10193,S24_1937,26,32.19,22.57,836.94,586.82,250.12,10
10193,S24_2022,20,44.8,20.61,896,412.2,483.8,9
10193,S24_3969,22,38.16,21.75,839.52,478.5,361.02,12
10193,S24_4258,20,92.52,57.46,1850.4,1149.2,701.2,4
10194,S10_1949,42,203.59,98.58,8550.78,4140.36,4410.42,11
10194,S10_4962,26,134.44,103.42,3495.44,2688.92,806.52,4
10194,S12_1666,38,124.37,77.9,4726.06,2960.2,1765.86,8
10194,S18_1097,21,103.84,58.33,2180.64,1224.93,955.71,10
10194,S18_2432,45,51.05,24.92,2297.25,1121.4,1175.85,2
10194,S18_4600,32,113.82,84.76,3642.24,2712.32,929.92,5
10194,S18_4668,41,47.79,23.14,1959.39,948.74,1010.65,9
10194,S24_2300,49,112.46,61.34,5510.54,3005.66,2504.88,1
10194,S32_1268,37,77.05,53.93,2850.85,1995.41,855.44,3
10194,S32_3522,39,61.41,33.61,2394.99,1310.79,1084.2,7
10194,S700_2824,26,80.92,46.53,2103.92,1209.78,894.14,6
10195,S12_4473,49,118.5,55.7,5806.5,2729.3,3077.2,6
10195,S18_2238,27,139.17,101.51,3757.59,2740.77,1016.82,5
10195,S18_2319,35,112.91,74.86,3951.85,2620.1,1331.75,9
10195,S18_3232,50,150.71,77.9,7535.5,3895,3640.5,10
10195,S24_1444,44,54.33,32.37,2390.52,1424.28,966.24,3
10195,S24_2840,32,31.82,15.91,1018.24,509.12,509.12,7
10195,S24_4048,34,95.81,69.78,3257.54,2372.52,885.02,2
10195,S32_2509,32,51.95,25.98,1662.4,831.36,831.04,8
10195,S32_3207,33,59.03,26.72,1947.99,881.76,1066.23,1
10195,S50_1392,49,97.23,68.29,4764.27,3346.21,1418.06,4
10196,S12_1108,47,203.64,95.59,9571.08,4492.73,5078.35,5
10196,S12_3148,24,151.08,89.14,3625.92,2139.36,1486.56,6
10196,S12_3891,38,147.07,83.05,5588.66,3155.9,2432.76,4
10196,S18_3140,49,127.03,68.3,6224.47,3346.7,2877.77,1
10196,S18_3259,35,81.68,67.56,2858.8,2364.6,494.2,3
10196,S18_4027,27,126.39,91.92,3412.53,2481.84,930.69,8
10196,S50_1514,46,56.82,37.49,2613.72,1724.54,889.18,7
10196,S700_1938,50,84.88,43.3,4244,2165,2079,2
10197,S10_4757,45,118.32,85.68,5324.4,3855.6,1468.8,6
10197,S18_3029,46,83.44,51.61,3838.24,2374.06,1464.18,4
10197,S18_3856,22,85.75,64.58,1886.5,1420.76,465.74,3
10197,S18_4522,50,78.99,52.66,3949.5,2633,1316.5,14
10197,S24_2011,41,109.37,82.34,4484.17,3375.94,1108.23,13
10197,S24_3151,47,83.2,46.91,3910.4,2204.77,1705.63,8
10197,S24_3816,22,67.93,48.64,1494.46,1070.08,424.38,5
10197,S700_1138,23,60,34,1380,782,598,9
10197,S700_2047,24,78.75,39.83,1890,955.92,934.08,2
10197,S700_2610,50,66.5,33.97,3325,1698.5,1626.5,7
10197,S700_3505,27,100.17,51.09,2704.59,1379.43,1325.16,10
10197,S700_3962,35,88.39,53.63,3093.65,1877.05,1216.6,11
10197,S72_1253,29,39.73,32.77,1152.17,950.33,201.84,1
10197,S72_3212,42,48.59,33.3,2040.78,1398.6,642.18,12
10198,S18_1662,42,149.81,77.27,6292.02,3245.34,3046.68,4
10198,S24_2841,48,60.97,34.25,2926.56,1644,1282.56,5
10198,S24_3420,27,61.81,26.3,1668.87,710.1,958.77,6
10198,S24_3949,43,65.51,29.34,2816.93,1261.62,1555.31,3
10198,S700_2466,42,94.73,68.8,3978.66,2889.6,1089.06,1
10198,S700_4002,40,74.03,36.27,2961.2,1450.8,1510.4,2
10199,S50_1341,29,37.97,27.06,1101.13,784.74,316.39,1
10199,S700_1691,48,81.29,51.15,3901.92,2455.2,1446.72,2
10199,S700_3167,38,70.4,54.4,2675.2,2067.2,608,3
10200,S18_2581,28,74.34,49,2081.52,1372,709.52,3
10200,S24_1785,33,99.57,66.74,3285.81,2202.42,1083.39,5
10200,S24_4278,39,70.28,36.23,2740.92,1412.97,1327.95,4
10200,S32_1374,35,80.91,66.92,2831.85,2342.2,489.65,1
10200,S32_4289,27,65.35,33.02,1764.45,891.54,872.91,6
10200,S700_2834,39,115.09,59.33,4488.51,2313.87,2174.64,2
10201,S10_1678,22,82.3,48.81,1810.6,1073.82,736.78,2
10201,S10_2016,24,116.56,68.99,2797.44,1655.76,1141.68,5
10201,S10_4698,49,191.72,91.02,9394.28,4459.98,4934.3,4
10201,S12_2823,25,126.52,66.27,3163,1656.75,1506.25,1
10201,S18_2625,30,48.46,24.23,1453.8,726.9,726.9,6
10201,S24_1578,39,93.54,60.86,3648.06,2373.54,1274.52,3
10201,S24_2000,25,66.27,37.32,1656.75,933,723.75,7
10202,S18_3782,30,55.33,32.95,1659.9,988.5,671.4,3
10202,S18_4721,43,124.99,69.93,5374.57,3006.99,2367.58,2
10202,S24_2360,50,56.1,47.1,2805,2355,450,6
10202,S24_4620,50,75.18,32.33,3759,1616.5,2142.5,1
10202,S32_2206,27,33.39,24.14,901.53,651.78,249.75,4
10202,S32_4485,31,81.64,56.13,2530.84,1740.03,790.81,7
10202,S50_4713,40,79.73,34.17,3189.2,1366.8,1822.4,5
10203,S12_1099,20,161.49,95.34,3229.8,1906.8,1323,8
10203,S12_3380,20,111.57,75.16,2231.4,1503.2,728.2,6
10203,S12_3990,44,63.84,31.92,2808.96,1404.48,1404.48,9
10203,S12_4675,47,115.16,58.73,5412.52,2760.31,2652.21,5
10203,S18_1889,45,73.15,53.9,3291.75,2425.5,866.25,4
10203,S18_3232,48,157.49,77.9,7559.52,3739.2,3820.32,1
10203,S18_3278,33,66.74,49.05,2202.42,1618.65,583.77,11
10203,S18_3482,32,127.88,73.49,4092.16,2351.68,1740.48,10
10203,S24_2972,21,33.23,16.24,697.83,341.04,356.79,2
10203,S24_3371,34,56.94,38.58,1935.96,1311.72,624.24,7
10203,S24_3856,47,140.43,98.3,6600.21,4620.1,1980.11,3
10204,S18_1129,42,114.65,83.51,4815.3,3507.42,1307.88,17
10204,S18_1589,40,113.24,65.96,4529.6,2638.4,1891.2,13
10204,S18_1749,33,153,86.7,5049,2861.1,2187.9,4
10204,S18_1984,38,133.72,93.89,5081.36,3567.82,1513.54,16
10204,S18_2248,23,59.33,33.3,1364.59,765.9,598.69,3
10204,S18_2325,26,119.5,58.48,3107,1520.48,1586.52,1
10204,S18_2870,27,106.92,56.76,2886.84,1532.52,1354.32,14
10204,S18_3685,35,132.8,62.16,4648,2175.6,2472.4,15
10204,S18_4409,29,83.75,43.26,2428.75,1254.54,1174.21,5
10204,S18_4933,45,69.84,34.21,3142.8,1539.45,1603.35,6
10204,S24_1046,20,69.82,49.24,1396.4,984.8,411.6,10
10204,S24_1628,45,46.79,29.18,2105.55,1313.1,792.45,12
10204,S24_2766,47,79.06,47.25,3715.82,2220.75,1495.07,8
10204,S24_2887,42,112.74,72.82,4735.08,3058.44,1676.64,7
10204,S24_3191,40,84.75,50.51,3390,2020.4,1369.6,9
10204,S24_3432,48,104.94,62.11,5037.12,2981.28,2055.84,11
10204,S24_3969,39,34.88,21.75,1360.32,848.25,512.07,2
10205,S18_1342,36,98.63,60.62,3550.68,2182.32,1368.36,2
10205,S18_1367,48,45.82,24.26,2199.36,1164.48,1034.88,1
10205,S18_2795,40,138.38,72.56,5535.2,2902.4,2632.8,3
10205,S24_1937,32,27.88,22.57,892.16,722.24,169.92,5
10205,S24_2022,24,36.74,20.61,881.76,494.64,387.12,4
